{
	"info": {
		"_postman_id": "82b5a82a-c98e-4027-aa46-0c5806bc3870",
		"name": "Binance European Options API",
		"description": "Binance official supported Postman collections.<br/>\n- API documents: https://binance-docs.github.io/apidocs/voptions/en",
		"schema": "https://schema.getpostman.com/json/collection/v2.1.0/collection.json",
		"_exporter_id": "10130460"
	},
	"item": [
		{
			"name": "Market",
			"item": [
				{
					"name": "Test connectivity",
					"request": {
						"method": "GET",
						"header": [
							{
								"key": "Content-Type",
								"type": "text",
								"value": "application/json"
							}
						],
						"url": {
							"raw": "{{url}}/eapi/v1/ping",
							"host": [
								"{{url}}"
							],
							"path": [
								"eapi",
								"v1",
								"ping"
							]
						}
					},
					"response": []
				},
				{
					"name": "Get server time",
					"request": {
						"method": "GET",
						"header": [
							{
								"key": "Content-Type",
								"type": "text",
								"value": "application/json"
							}
						],
						"url": {
							"raw": "{{url}}/eapi/v1/time",
							"host": [
								"{{url}}"
							],
							"path": [
								"eapi",
								"v1",
								"time"
							]
						}
					},
					"response": []
				},
				{
					"name": "Exchange Information",
					"request": {
						"method": "GET",
						"header": [
							{
								"key": "Content-Type",
								"type": "text",
								"value": "application/json"
							}
						],
						"url": {
							"raw": "{{url}}/eapi/v1/exchangeInfo",
							"host": [
								"{{url}}"
							],
							"path": [
								"eapi",
								"v1",
								"exchangeInfo"
							]
						},
						"description": "Current exchange trading rules and symbol information"
					},
					"response": []
				},
				{
					"name": "Order Book",
					"request": {
						"method": "GET",
						"header": [
							{
								"key": "Content-Type",
								"type": "text",
								"value": "application/json"
							}
						],
						"url": {
							"raw": "{{url}}/eapi/v1/depth?symbol=",
							"host": [
								"{{url}}"
							],
							"path": [
								"eapi",
								"v1",
								"depth"
							],
							"query": [
								{
									"key": "symbol",
									"value": "",
									"description": "Option trading pair"
								},
								{
									"key": "limit",
									"value": null,
									"description": "Default:100 Max:1000.Optional value:[10, 20, 50, 100, 500, 1000]",
									"disabled": true
								}
							]
						}
					},
					"response": []
				},
				{
					"name": "Recent Trades List",
					"request": {
						"method": "GET",
						"header": [
							{
								"key": "Content-Type",
								"type": "text",
								"value": "application/json"
							}
						],
						"url": {
							"raw": "{{url}}/eapi/v1/trades?symbol=",
							"host": [
								"{{url}}"
							],
							"path": [
								"eapi",
								"v1",
								"trades"
							],
							"query": [
								{
									"key": "symbol",
									"value": "",
									"description": "Option trading pair"
								},
								{
									"key": "limit",
									"value": "",
									"description": "Number of records Default:100 Max:500",
									"disabled": true
								}
							]
						},
						"description": "Get recent market trades"
					},
					"response": []
				},
				{
					"name": "Old Trades Lookup (MARKET_DATA)",
					"request": {
						"method": "GET",
						"header": [
							{
								"key": "Content-Type",
								"type": "text",
								"value": "application/json"
							}
						],
						"url": {
							"raw": "{{url}}/eapi/v1/historicalTrades?symbol=",
							"host": [
								"{{url}}"
							],
							"path": [
								"eapi",
								"v1",
								"historicalTrades"
							],
							"query": [
								{
									"key": "symbol",
									"value": "",
									"description": "Option trading pair, e.g BTC-200730-9000-C"
								},
								{
									"key": "fromId",
									"value": "",
									"description": "The UniqueId ID from which to return. The latest deal record is returned by default",
									"disabled": true
								},
								{
									"key": "limit",
									"value": "",
									"description": "Number of records Default:100 Max:500",
									"disabled": true
								}
							]
						},
						"description": "Get older market historical trades."
					},
					"response": []
				},
				{
					"name": "Kline/Candlestick Data",
					"request": {
						"method": "GET",
						"header": [
							{
								"key": "Content-Type",
								"type": "text",
								"value": "application/json"
							}
						],
						"url": {
							"raw": "{{url}}/eapi/v1/klines?symbol=&interval=",
							"host": [
								"{{url}}"
							],
							"path": [
								"eapi",
								"v1",
								"klines"
							],
							"query": [
								{
									"key": "symbol",
									"value": "",
									"description": "Option trading pair, e.g BTC-200730-9000-C"
								},
								{
									"key": "interval",
									"value": "",
									"description": "Time Interval"
								},
								{
									"key": "startTime",
									"value": "",
									"description": "Start Time 1592317127349",
									"disabled": true
								},
								{
									"key": "endTime",
									"value": "",
									"description": "End Time",
									"disabled": true
								},
								{
									"key": "limit",
									"value": "",
									"description": "Number of records Default:500 Max:1500",
									"disabled": true
								}
							]
						},
						"description": "Kline/candlestick bars for an option symbol. Klines are uniquely identified by their open time."
					},
					"response": []
				},
				{
					"name": "Option Mark Price",
					"request": {
						"method": "GET",
						"header": [
							{
								"key": "Content-Type",
								"type": "text",
								"value": "application/json"
							}
						],
						"url": {
							"raw": "{{url}}/eapi/v1/mark",
							"host": [
								"{{url}}"
							],
							"path": [
								"eapi",
								"v1",
								"mark"
							],
							"query": [
								{
									"key": "symbol",
									"value": "",
									"description": "Option trading pair, e.g BTC-200730-9000-C",
									"disabled": true
								}
							]
						},
						"description": "Option mark price and greek info."
					},
					"response": []
				},
				{
					"name": "24hr Ticker Price Change Statistics",
					"request": {
						"method": "GET",
						"header": [
							{
								"key": "Content-Type",
								"type": "text",
								"value": "application/json"
							}
						],
						"url": {
							"raw": "{{url}}/eapi/v1/ticker",
							"host": [
								"{{url}}"
							],
							"path": [
								"eapi",
								"v1",
								"ticker"
							],
							"query": [
								{
									"key": "symbol",
									"value": "",
									"description": "\tOption trading pair, e.g BTC-200730-9000-C",
									"disabled": true
								}
							]
						},
						"description": "24 hour rolling window price change statistics."
					},
					"response": []
				},
				{
					"name": "Symbol Price Ticker",
					"request": {
						"method": "GET",
						"header": [
							{
								"key": "Content-Type",
								"type": "text",
								"value": "application/json"
							}
						],
						"url": {
							"raw": "{{url}}/eapi/v1/index?underlying=",
							"host": [
								"{{url}}"
							],
							"path": [
								"eapi",
								"v1",
								"index"
							],
							"query": [
								{
									"key": "underlying",
									"value": "",
									"description": "Spot pair（Option contract underlying asset）"
								}
							]
						},
						"description": "Get spot index price for option underlying."
					},
					"response": []
				},
				{
					"name": "Historical Exercise Records",
					"request": {
						"method": "GET",
						"header": [
							{
								"key": "Content-Type",
								"type": "text",
								"value": "application/json"
							}
						],
						"url": {
							"raw": "{{url}}/eapi/v1/exerciseHistory",
							"host": [
								"{{url}}"
							],
							"path": [
								"eapi",
								"v1",
								"exerciseHistory"
							],
							"query": [
								{
									"key": "underlying",
									"value": "",
									"description": "Underlying index like BTCUSDT",
									"disabled": true
								},
								{
									"key": "startTime",
									"value": "",
									"description": "Start Time",
									"disabled": true
								},
								{
									"key": "endTime",
									"value": "",
									"description": "End Time",
									"disabled": true
								},
								{
									"key": "limit",
									"value": "",
									"description": "Number of records Default:100 Max:100",
									"disabled": true
								}
							]
						},
						"description": "REALISTIC_VALUE_STRICKEN -> Exercised\n\nEXTRINSIC_VALUE_EXPIRED -> Expired OTM"
					},
					"response": []
				}
			]
		},
		{
			"name": "Account/Trades",
			"item": [
				{
					"name": "Option Account Information (TRADE)",
					"request": {
						"method": "GET",
						"header": [
							{
								"key": "Content-Type",
								"type": "text",
								"value": "application/json"
							},
							{
								"key": "X-MBX-APIKEY",
								"type": "text",
								"value": "{{binance-api-key}}"
							}
						],
						"url": {
							"raw": "{{url}}/eapi/v1/account?timestamp={{timestamp}}&signature={{signature}}",
							"host": [
								"{{url}}"
							],
							"path": [
								"eapi",
								"v1",
								"account"
							],
							"query": [
								{
									"key": "recvWindow",
									"value": "5000",
									"description": "The value cannot be greater than 60000",
									"disabled": true
								},
								{
									"key": "timestamp",
									"value": "{{timestamp}}"
								},
								{
									"key": "signature",
									"value": "{{signature}}"
								}
							]
						}
					},
					"response": []
				},
				{
					"name": "New Order (TRADE)",
					"request": {
						"method": "POST",
						"header": [
							{
								"key": "Content-Type",
								"type": "text",
								"value": "application/json"
							},
							{
								"key": "X-MBX-APIKEY",
								"type": "text",
								"value": "{{binance-api-key}}"
							}
						],
						"url": {
							"raw": "{{url}}/eapi/v1/order?symbol=&side=&type=&quantity=&timestamp={{timestamp}}&signature={{signature}}",
							"host": [
								"{{url}}"
							],
							"path": [
								"eapi",
								"v1",
								"order"
							],
							"query": [
								{
									"key": "symbol",
									"value": "",
									"description": "Option trading pair, e.g BTC-200730-9000-C"
								},
								{
									"key": "side",
									"value": "",
									"description": "Buy/sell direction: SELL, BUY"
								},
								{
									"key": "type",
									"value": "",
									"description": "Order Type: LIMIT(only support limit)"
								},
								{
									"key": "quantity",
									"value": "",
									"description": "Order Quantity"
								},
								{
									"key": "price",
									"value": "",
									"description": "Order Price",
									"disabled": true
								},
								{
									"key": "timeInForce",
									"value": "",
									"description": "Time in force method（Default GTC)",
									"disabled": true
								},
								{
									"key": "reduceOnly",
									"value": "",
									"description": "Reduce Only（Default false)",
									"disabled": true
								},
								{
									"key": "postOnly",
									"value": "",
									"description": "Post Only（Default false）",
									"disabled": true
								},
								{
									"key": "newOrderRespType",
									"value": "",
									"description": "\"ACK\", \"RESULT\", Default \"ACK\"",
									"disabled": true
								},
								{
									"key": "clientOrderId",
									"value": "",
									"description": "User-defined order ID cannot be repeated in pending orders",
									"disabled": true
								},
								{
									"key": "isMmp",
									"value": "",
									"description": "is market maker protection order, true/false",
									"disabled": true
								},
								{
									"key": "recvWindow",
									"value": "5000",
									"description": "The value cannot be greater than 60000",
									"disabled": true
								},
								{
									"key": "timestamp",
									"value": "{{timestamp}}"
								},
								{
									"key": "signature",
									"value": "{{signature}}"
								}
							]
						},
						"description": "Send a new order."
					},
					"response": []
				},
				{
					"name": "Place Multiple Orders (TRADE)",
					"request": {
						"method": "POST",
						"header": [
							{
								"key": "Content-Type",
								"type": "text",
								"value": "application/json"
							},
							{
								"key": "X-MBX-APIKEY",
								"type": "text",
								"value": "{{binance-api-key}}"
							}
						],
						"url": {
							"raw": "{{url}}/eapi/v1/batchOrders?orders=&timestamp={{timestamp}}&signature={{signature}}",
							"host": [
								"{{url}}"
							],
							"path": [
								"eapi",
								"v1",
								"batchOrders"
							],
							"query": [
								{
									"key": "orders",
									"value": "",
									"description": "order list. Max 5 orders"
								},
								{
									"key": "recvWindow",
									"value": "5000",
									"description": "The value cannot be greater than 60000",
									"disabled": true
								},
								{
									"key": "timestamp",
									"value": "{{timestamp}}"
								},
								{
									"key": "signature",
									"value": "{{signature}}"
								}
							]
						},
						"description": "Send multiple option orders."
					},
					"response": []
				},
				{
					"name": "Query Single Order (TRADE)",
					"request": {
						"method": "GET",
						"header": [
							{
								"key": "Content-Type",
								"type": "text",
								"value": "application/json"
							},
							{
								"key": "X-MBX-APIKEY",
								"type": "text",
								"value": "{{binance-api-key}}"
							}
						],
						"url": {
							"raw": "{{url}}/eapi/v1/order?symbol=&timestamp={{timestamp}}&signature={{signature}}",
							"host": [
								"{{url}}"
							],
							"path": [
								"eapi",
								"v1",
								"order"
							],
							"query": [
								{
									"key": "symbol",
									"value": "",
									"description": "Option trading pair, e.g BTC-200730-9000-C"
								},
								{
									"key": "orderId",
									"value": "",
									"description": "Order id",
									"disabled": true
								},
								{
									"key": "clientOrderId",
									"value": "5000",
									"description": "User-defined order ID cannot be repeated in pending orders",
									"disabled": true
								},
								{
									"key": "recvWindow",
									"value": "5000",
									"description": "The value cannot be greater than 60000",
									"disabled": true
								},
								{
									"key": "timestamp",
									"value": "{{timestamp}}"
								},
								{
									"key": "signature",
									"value": "{{signature}}"
								}
							]
						},
						"description": "Check an order status."
					},
					"response": []
				},
				{
					"name": "Cancel Option Order (TRADE)",
					"request": {
						"method": "DELETE",
						"header": [
							{
								"key": "Content-Type",
								"type": "text",
								"value": "application/json"
							},
							{
								"key": "X-MBX-APIKEY",
								"type": "text",
								"value": "{{binance-api-key}}"
							}
						],
						"url": {
							"raw": "{{url}}/eapi/v1/order?symbol=&timestamp={{timestamp}}&signature={{signature}}",
							"host": [
								"{{url}}"
							],
							"path": [
								"eapi",
								"v1",
								"order"
							],
							"query": [
								{
									"key": "symbol",
									"value": "",
									"description": "Option trading pair, e.g BTC-200730-9000-C"
								},
								{
									"key": "orderId",
									"value": "",
									"description": "Order ID, e.g 4611875134427365377",
									"disabled": true
								},
								{
									"key": "clientOrderId",
									"value": "",
									"description": "User-defined order ID, e.g 10000",
									"disabled": true
								},
								{
									"key": "recvWindow",
									"value": "5000",
									"description": "The value cannot be greater than 60000",
									"disabled": true
								},
								{
									"key": "timestamp",
									"value": "{{timestamp}}"
								},
								{
									"key": "signature",
									"value": "{{signature}}"
								}
							]
						},
						"description": "Cancel an active order."
					},
					"response": []
				},
				{
					"name": "Cancel Multiple Option orders (TRADE)",
					"request": {
						"method": "DELETE",
						"header": [
							{
								"key": "Content-Type",
								"type": "text",
								"value": "application/json"
							},
							{
								"key": "X-MBX-APIKEY",
								"type": "text",
								"value": "{{binance-api-key}}"
							}
						],
						"url": {
							"raw": "{{url}}/eapi/v1/batchOrders?symbol=&timestamp={{timestamp}}&signature={{signature}}",
							"host": [
								"{{url}}"
							],
							"path": [
								"eapi",
								"v1",
								"batchOrders"
							],
							"query": [
								{
									"key": "symbol",
									"value": "",
									"description": "Option trading pair, e.g BTC-200730-9000-C"
								},
								{
									"key": "orderIds",
									"value": "",
									"description": "Order ID, e.g [4611875134427365377,4611875134427365378]",
									"disabled": true
								},
								{
									"key": "clientOrderIds",
									"value": "",
									"description": "User-defined order ID, e.g [\"my_id_1\",\"my_id_2\"]",
									"disabled": true
								},
								{
									"key": "recvWindow",
									"value": "5000",
									"description": "The value cannot be greater than 60000",
									"disabled": true
								},
								{
									"key": "timestamp",
									"value": "{{timestamp}}"
								},
								{
									"key": "signature",
									"value": "{{signature}}"
								}
							]
						},
						"description": "Cancel an active order."
					},
					"response": []
				},
				{
					"name": "Cancel all Option orders on specific symbol (TRADE)",
					"request": {
						"method": "DELETE",
						"header": [
							{
								"key": "Content-Type",
								"type": "text",
								"value": "application/json"
							},
							{
								"key": "X-MBX-APIKEY",
								"type": "text",
								"value": "{{binance-api-key}}"
							}
						],
						"url": {
							"raw": "{{url}}/eapi/v1/allOpenOrders?symbol=&timestamp={{timestamp}}&signature={{signature}}",
							"host": [
								"{{url}}"
							],
							"path": [
								"eapi",
								"v1",
								"allOpenOrders"
							],
							"query": [
								{
									"key": "symbol",
									"value": "",
									"description": "Option trading pair, e.g BTC-200730-9000-C"
								},
								{
									"key": "recvWindow",
									"value": "5000",
									"description": "The value cannot be greater than 60000",
									"disabled": true
								},
								{
									"key": "timestamp",
									"value": "{{timestamp}}"
								},
								{
									"key": "signature",
									"value": "{{signature}}"
								}
							]
						},
						"description": "Cancel all active order on a symbol."
					},
					"response": []
				},
				{
					"name": "Cancel All Option Orders By Underlying (TRADE)",
					"request": {
						"method": "DELETE",
						"header": [
							{
								"key": "Content-Type",
								"type": "text",
								"value": "application/json"
							},
							{
								"key": "X-MBX-APIKEY",
								"type": "text",
								"value": "{{binance-api-key}}"
							}
						],
						"url": {
							"raw": "{{url}}/eapi/v1/allOpenOrdersByUnderlying?underlying=&timestamp={{timestamp}}&signature={{signature}}",
							"host": [
								"{{url}}"
							],
							"path": [
								"eapi",
								"v1",
								"allOpenOrdersByUnderlying"
							],
							"query": [
								{
									"key": "underlying",
									"value": "",
									"description": "Option underlying, e.g BTCUSDT"
								},
								{
									"key": "recvWindow",
									"value": "5000",
									"description": "The value cannot be greater than 60000",
									"disabled": true
								},
								{
									"key": "timestamp",
									"value": "{{timestamp}}"
								},
								{
									"key": "signature",
									"value": "{{signature}}"
								}
							]
						},
						"description": "Cancel all active orders on specified underlying."
					},
					"response": []
				},
				{
					"name": "Query Current Open Option Orders (USER_DATA)",
					"request": {
						"method": "GET",
						"header": [
							{
								"key": "Content-Type",
								"type": "text",
								"value": "application/json"
							},
							{
								"key": "X-MBX-APIKEY",
								"type": "text",
								"value": "{{binance-api-key}}"
							}
						],
						"url": {
							"raw": "{{url}}/eapi/v1/openOrders?timestamp={{timestamp}}&signature={{signature}}",
							"host": [
								"{{url}}"
							],
							"path": [
								"eapi",
								"v1",
								"openOrders"
							],
							"query": [
								{
									"key": "symbol",
									"value": "",
									"description": "return all orders if don't pass, Option trading pair, e.g BTC-200730-9000-C",
									"disabled": true
								},
								{
									"key": "orderId",
									"value": "",
									"description": "Returns the orderId and subsequent orders, the most recent order is returned by default",
									"disabled": true
								},
								{
									"key": "startTime",
									"value": "",
									"description": "Start Time",
									"disabled": true
								},
								{
									"key": "endTime",
									"value": "",
									"description": "End Time",
									"disabled": true
								},
								{
									"key": "limit",
									"value": "",
									"description": "Number of result sets returned Default:100 Max:1000",
									"disabled": true
								},
								{
									"key": "recvWindow",
									"value": "5000",
									"description": "The value cannot be greater than 60000",
									"disabled": true
								},
								{
									"key": "timestamp",
									"value": "{{timestamp}}"
								},
								{
									"key": "signature",
									"value": "{{signature}}"
								}
							]
						},
						"description": "Query current all open orders, status: ACCEPTED PARTIALLY_FILLED"
					},
					"response": []
				},
				{
					"name": "Query Option Order History (TRADE)",
					"request": {
						"method": "GET",
						"header": [
							{
								"key": "Content-Type",
								"type": "text",
								"value": "application/json"
							},
							{
								"key": "X-MBX-APIKEY",
								"type": "text",
								"value": "{{binance-api-key}}"
							}
						],
						"url": {
							"raw": "{{url}}/eapi/v1/historyOrders?symbol=&timestamp={{timestamp}}&signature={{signature}}",
							"host": [
								"{{url}}"
							],
							"path": [
								"eapi",
								"v1",
								"historyOrders"
							],
							"query": [
								{
									"key": "symbol",
									"value": "",
									"description": "Option trading pair"
								},
								{
									"key": "orderId",
									"value": "",
									"description": "Returns the orderId and subsequent orders, the most recent order is returned by default",
									"disabled": true
								},
								{
									"key": "startTime",
									"value": "",
									"description": "Start Time",
									"disabled": true
								},
								{
									"key": "endTime",
									"value": "",
									"description": "End Time",
									"disabled": true
								},
								{
									"key": "limit",
									"value": "",
									"description": "Number of result sets returned Default:100 Max:1000",
									"disabled": true
								},
								{
									"key": "recvWindow",
									"value": "5000",
									"description": "The value cannot be greater than 60000",
									"disabled": true
								},
								{
									"key": "timestamp",
									"value": "{{timestamp}}"
								},
								{
									"key": "signature",
									"value": "{{signature}}"
								}
							]
						},
						"description": "Query all finished orders within 1 month, finished status: CANCELLED FILLED REJECTED."
					},
					"response": []
				},
				{
					"name": "Option Position Information (USER_DATA)",
					"request": {
						"method": "GET",
						"header": [
							{
								"key": "Content-Type",
								"type": "text",
								"value": "application/json"
							},
							{
								"key": "X-MBX-APIKEY",
								"type": "text",
								"value": "{{binance-api-key}}"
							}
						],
						"url": {
							"raw": "{{url}}/eapi/v1/position?timestamp={{timestamp}}&signature={{signature}}",
							"host": [
								"{{url}}"
							],
							"path": [
								"eapi",
								"v1",
								"position"
							],
							"query": [
								{
									"key": "symbol",
									"value": "",
									"description": "Option trading pair, e.g BTC-200730-9000-C",
									"disabled": true
								},
								{
									"key": "recvWindow",
									"value": "5000",
									"description": "The value cannot be greater than 60000",
									"disabled": true
								},
								{
									"key": "timestamp",
									"value": "{{timestamp}}"
								},
								{
									"key": "signature",
									"value": "{{signature}}"
								}
							]
						},
						"description": "Get current position information."
					},
					"response": []
				},
				{
					"name": "Account Trade List (USER_DATA)",
					"request": {
						"method": "GET",
						"header": [
							{
								"key": "Content-Type",
								"type": "text",
								"value": "application/json"
							},
							{
								"key": "X-MBX-APIKEY",
								"type": "text",
								"value": "{{binance-api-key}}"
							}
						],
						"url": {
							"raw": "{{url}}/eapi/v1/userTrades?timestamp={{timestamp}}&signature={{signature}}",
							"host": [
								"{{url}}"
							],
							"path": [
								"eapi",
								"v1",
								"userTrades"
							],
							"query": [
								{
									"key": "symbol",
									"value": "",
									"description": "Option symbol, e.g BTC-200730-9000-C",
									"disabled": true
								},
								{
									"key": "fromId",
									"value": "",
									"description": "Trade id to fetch from. Default gets most recent trades, e.g 4611875134427365376",
									"disabled": true
								},
								{
									"key": "startTime",
									"value": "",
									"description": "Start time, e.g 1593511200000",
									"disabled": true
								},
								{
									"key": "endTime",
									"value": "",
									"description": "End time, e.g 1593512200000",
									"disabled": true
								},
								{
									"key": "limit",
									"value": "",
									"description": "Default 100; max 1000.",
									"disabled": true
								},
								{
									"key": "recvWindow",
									"value": "5000",
									"description": "The value cannot be greater than 60000",
									"disabled": true
								},
								{
									"key": "timestamp",
									"value": "{{timestamp}}"
								},
								{
									"key": "signature",
									"value": "{{signature}}"
								}
							]
						},
						"description": "Get trades for a specific account and symbol."
					},
					"response": []
				},
				{
					"name": "User Exercise Record (USER_DATA)",
					"request": {
						"method": "GET",
						"header": [
							{
								"key": "Content-Type",
								"type": "text",
								"value": "application/json"
							},
							{
								"key": "X-MBX-APIKEY",
								"type": "text",
								"value": "{{binance-api-key}}"
							}
						],
						"url": {
							"raw": "{{url}}/eapi/v1/exerciseRecord?timestamp={{timestamp}}&signature={{signature}}",
							"host": [
								"{{url}}"
							],
							"path": [
								"eapi",
								"v1",
								"exerciseRecord"
							],
							"query": [
								{
									"key": "symbol",
									"value": "",
									"description": "Option trading pair, e.g BTC-200730-9000-C",
									"disabled": true
								},
								{
									"key": "startTime",
									"value": "",
									"description": "startTime",
									"disabled": true
								},
								{
									"key": "endTime",
									"value": "",
									"description": "endTime",
									"disabled": true
								},
								{
									"key": "limit",
									"value": "",
									"description": "default 1000, max 1000",
									"disabled": true
								},
								{
									"key": "recvWindow",
									"value": "5000",
									"description": "The value cannot be greater than 60000",
									"disabled": true
								},
								{
									"key": "timestamp",
									"value": "{{timestamp}}"
								},
								{
									"key": "signature",
									"value": "{{signature}}"
								}
							]
						},
						"description": "Get account exercise records."
					},
					"response": []
				},
				{
					"name": "Account Funding Flow (USER_DATA)",
					"request": {
						"method": "GET",
						"header": [
							{
								"key": "Content-Type",
								"type": "text",
								"value": "application/json"
							},
							{
								"key": "X-MBX-APIKEY",
								"type": "text",
								"value": "{{binance-api-key}}"
							}
						],
						"url": {
							"raw": "{{url}}/eapi/v1/bill?currency=&timestamp={{timestamp}}&signature={{signature}}",
							"host": [
								"{{url}}"
							],
							"path": [
								"eapi",
								"v1",
								"bill"
							],
							"query": [
								{
									"key": "currency",
									"value": "",
									"description": "Asset type, e.g USDT"
								},
								{
									"key": "recordId",
									"value": "",
									"description": "Return the recordId and subsequent data, the latest data is returned by default, e.g 100000",
									"disabled": true
								},
								{
									"key": "startTime",
									"value": "",
									"description": "Start Time, e.g 1593511200000",
									"disabled": true
								},
								{
									"key": "endTime",
									"value": "",
									"description": "End Time, e.g 1593512200000",
									"disabled": true
								},
								{
									"key": "limit",
									"value": "",
									"description": "Number of result sets returned Default:100 Max:1000",
									"disabled": true
								},
								{
									"key": "recvWindow",
									"value": "5000",
									"description": "The value cannot be greater than 60000",
									"disabled": true
								},
								{
									"key": "timestamp",
									"value": "{{timestamp}}"
								},
								{
									"key": "signature",
									"value": "{{signature}}"
								}
							]
						},
						"description": "Query account funding flows."
					},
					"response": []
				},
				{
					"name": "Get Download Id For Option Transaction History (USER_DATA)",
					"request": {
						"method": "GET",
						"header": [
							{
								"key": "Content-Type",
								"type": "text",
								"value": "application/json"
							},
							{
								"key": "X-MBX-APIKEY",
								"type": "text",
								"value": "{{binance-api-key}}"
							}
						],
						"url": {
							"raw": "{{url}}/eapi/v1/income/asyn?startTime=&endTime=&timestamp={{timestamp}}&signature={{signature}}",
							"host": [
								"{{url}}"
							],
							"path": [
								"eapi",
								"v1",
								"income",
								"asyn"
							],
							"query": [
								{
									"key": "startTime",
									"value": "",
									"description": "Timestamp in ms"
								},
								{
									"key": "endTime",
									"value": "",
									"description": "Timestamp in ms"
								},
								{
									"key": "recvWindow",
									"value": "5000",
									"description": "The value cannot be greater than 60000",
									"disabled": true
								},
								{
									"key": "timestamp",
									"value": "{{timestamp}}"
								},
								{
									"key": "signature",
									"value": "{{signature}}"
								}
							]
						},
						"description": "Request Limitation is 5 times per month, shared by front end download page and rest api\nThe time between startTime and endTime can not be longer than 1 year\n\nWeight: 5"
					},
					"response": []
				},
				{
					"name": "Get Option Transaction History Download Link by Id (USER_DATA)",
					"request": {
						"method": "GET",
						"header": [
							{
								"key": "Content-Type",
								"type": "text",
								"value": "application/json"
							},
							{
								"key": "X-MBX-APIKEY",
								"type": "text",
								"value": "{{binance-api-key}}"
							}
						],
						"url": {
							"raw": "{{url}}/eapi/v1/income/asyn/id?downloadId=&timestamp={{timestamp}}&signature={{signature}}",
							"host": [
								"{{url}}"
							],
							"path": [
								"eapi",
								"v1",
								"income",
								"asyn",
								"id"
							],
							"query": [
								{
									"key": "downloadId",
									"value": "",
									"description": "get by download id api"
								},
								{
									"key": "recvWindow",
									"value": "5000",
									"description": "The value cannot be greater than 60000",
									"disabled": true
								},
								{
									"key": "timestamp",
									"value": "{{timestamp}}"
								},
								{
									"key": "signature",
									"value": "{{signature}}"
								}
							]
						},
						"description": "Download link expiration: 24h\n\nWeight: 5"
					},
					"response": []
				}
			]
		},
		{
			"name": "Data Stream",
			"item": [
				{
					"name": "Start User Data Stream (USER_STREAM)",
					"request": {
						"method": "POST",
						"header": [
							{
								"key": "Content-Type",
								"type": "text",
								"value": "application/json"
							},
							{
								"key": "X-MBX-APIKEY",
								"type": "text",
								"value": "{{binance-api-key}}"
							}
						],
						"url": {
							"raw": "{{url}}/eapi/v1/userDataStream?timestamp={{timestamp}}&signature={{signature}}",
							"host": [
								"{{url}}"
							],
							"path": [
								"eapi",
								"v1",
								"userDataStream"
							],
							"query": [
								{
									"key": "recvWindow",
									"value": "5000",
									"description": "The value cannot be greater than 60000",
									"disabled": true
								},
								{
									"key": "timestamp",
									"value": "{{timestamp}}"
								},
								{
									"key": "signature",
									"value": "{{signature}}"
								}
							]
						},
						"description": "Start a new user data stream. The stream will close after 60 minutes unless a keepalive is sent. If the account has an active listenKey, that listenKey will be returned and its validity will be extended for 60 minutes."
					},
					"response": []
				},
				{
					"name": "Keepalive User Data Stream (USER_STREAM)",
					"request": {
						"method": "PUT",
						"header": [
							{
								"key": "Content-Type",
								"type": "text",
								"value": "application/json"
							},
							{
								"key": "X-MBX-APIKEY",
								"type": "text",
								"value": "{{binance-api-key}}"
							}
						],
						"url": {
							"raw": "{{url}}/eapi/v1/userDataStream?listenKey=&timestamp={{timestamp}}&signature={{signature}}",
							"host": [
								"{{url}}"
							],
							"path": [
								"eapi",
								"v1",
								"userDataStream"
							],
							"query": [
								{
									"key": "listenKey",
									"value": "",
									"description": "listenKey"
								},
								{
									"key": "recvWindow",
									"value": "5000",
									"description": "The value cannot be greater than 60000",
									"disabled": true
								},
								{
									"key": "timestamp",
									"value": "{{timestamp}}"
								},
								{
									"key": "signature",
									"value": "{{signature}}"
								}
							]
						},
						"description": "Keepalive a user data stream to prevent a time out. User data streams will close after 60 minutes. It's recommended to send a ping about every 60 minutes."
					},
					"response": []
				},
				{
					"name": "Close User Data Stream (USER_STREAM)",
					"request": {
						"method": "DELETE",
						"header": [
							{
								"key": "Content-Type",
								"type": "text",
								"value": "application/json"
							},
							{
								"key": "X-MBX-APIKEY",
								"type": "text",
								"value": "{{binance-api-key}}"
							}
						],
						"url": {
							"raw": "{{url}}/eapi/v1/userDataStream?listenKey=&timestamp={{timestamp}}&signature={{signature}}",
							"host": [
								"{{url}}"
							],
							"path": [
								"eapi",
								"v1",
								"userDataStream"
							],
							"query": [
								{
									"key": "listenKey",
									"value": "",
									"description": "listenKey"
								},
								{
									"key": "recvWindow",
									"value": "5000",
									"description": "The value cannot be greater than 60000",
									"disabled": true
								},
								{
									"key": "timestamp",
									"value": "{{timestamp}}"
								},
								{
									"key": "signature",
									"value": "{{signature}}"
								}
							]
						},
						"description": "Close out a user data stream."
					},
					"response": []
				}
			]
		},
		{
			"name": "Market Maker",
			"item": [
				{
					"name": "Option Margin Account Information (USER_DATA)",
					"request": {
						"method": "DELETE",
						"header": [
							{
								"key": "Content-Type",
								"type": "text",
								"value": "application/json"
							},
							{
								"key": "X-MBX-APIKEY",
								"type": "text",
								"value": "{{binance-api-key}}"
							}
						],
						"url": {
							"raw": "{{url}}/eapi/v1/marginAccount?timestamp={{timestamp}}&signature={{signature}}",
							"host": [
								"{{url}}"
							],
							"path": [
								"eapi",
								"v1",
								"marginAccount"
							],
							"query": [
								{
									"key": "recvWindow",
									"value": "5000",
									"description": "The value cannot be greater than 60000",
									"disabled": true
								},
								{
									"key": "timestamp",
									"value": "{{timestamp}}"
								},
								{
									"key": "signature",
									"value": "{{signature}}"
								}
							]
						},
						"description": "Get current account information."
					},
					"response": []
				}
			]
		}
	],
	"event": [
		{
			"listen": "prerequest",
			"script": {
				"type": "text/javascript",
				"exec": [
					"const ts  = Date.now();",
					"pm.environment.set(\"timestamp\", ts);",
					"",
					"let paramsObject = {};",
					"",
					"const binance_api_secret = pm.environment.get(\"binance-api-secret\");",
					"",
					"const parameters = pm.request.url.query;",
					"",
					"parameters.map((param) => {",
					"    if (param.key != 'signature' && ",
					"        !is_empty(param.value) &&",
					"        !is_disabled(param.disabled)) {",
					"            paramsObject[param.key] = param.value;",
					"            //console.log(encodeURIComponent(param.value));",
					"            //pm.environment.set(param.key, encodeURIComponent(param.value));",
					"    }",
					"})",
					"        ",
					"Object.assign(paramsObject, {'timestamp': ts});",
					"",
					"if (binance_api_secret) {",
					"    const queryString = Object.keys(paramsObject).map((key) => {",
					"        return `${key}=${paramsObject[key]}`;",
					"    }).join('&');",
					"    console.log(queryString);",
					"    const signature = CryptoJS.HmacSHA256(queryString, binance_api_secret).toString();",
					"    pm.environment.set(\"signature\", signature);",
					"}",
					"",
					"",
					"function is_disabled(str) {",
					"    return str == true;",
					"}",
					"",
					"function is_empty(str) {",
					"    if (typeof str == 'undefined' ||",
					"        !str || ",
					"        str.length === 0 || ",
					"        str === \"\" ||",
					"        !/[^\\s]/.test(str) ||",
					"        /^\\s*$/.test(str) ||",
					"        str.replace(/\\s/g,\"\") === \"\")",
					"    {",
					"        return true;",
					"    }",
					"    else",
					"    {",
					"        return false;",
					"    }",
					"}"
				]
			}
		},
		{
			"listen": "test",
			"script": {
				"type": "text/javascript",
				"exec": [
					""
				]
			}
		}
	]
}
