{
	"id": "c31155d4-9f3b-4347-8e1b-4fe4d6865a0f",
	"name": "Binance European Options API",
	"values": [
		{
			"key": "url",
			"value": "https://eapi.binance.com",
			"enabled": true
		},
		{
			"key": "timestamp",
			"value": "",
			"enabled": true
		},
		{
			"key": "binance-api-key",
			"value": "api-key",
			"enabled": true
		},
		{
			"key": "binance-api-secret",
			"value": "api-secret",
			"enabled": true
		},
		{
			"key": "signature",
			"value": "",
			"enabled": true
		}
	],
	"_postman_variable_scope": "environment",
	"_postman_exported_at": "2020-01-23T06:23:14.123Z",
	"_postman_exported_using": "Postman/7.16.0"
}
