{
	"id": "275f79a9-3f1b-40e2-b074-b38fc841a2b1",
	"name": "Binance Delivery Futures API",
	"values": [
		{
			"key": "url",
			"value": "https://dapi.binance.com",
			"enabled": true
		},
		{
			"key": "binance-api-key",
			"value": "api-key",
			"enabled": true
		},
		{
			"key": "binance-api-secret",
			"value": "api-secret",
			"enabled": true
		},
		{
			"key": "timestamp",
			"value": "",
			"enabled": true
		},
		{
			"key": "signature",
			"value": "",
			"enabled": true
		}
	],
	"_postman_variable_scope": "environment",
	"_postman_exported_at": "2020-01-23T11:43:18.035Z",
	"_postman_exported_using": "Postman/7.16.0"
}
